drop table passe;
drop table salle;
drop table distribution;
drop table acteur;
drop table film;
drop table personne;
drop table cinema;
create table personne( nump INT PRIMARY KEY NOT NULL, prenom VARCHAR(100), nom VARCHAR(100), date_naissance date, nationalite VARCHAR(50));
create table film( numf INT PRIMARY KEY NOT NULL, titre VARCHAR(200), genre VARCHAR(50), année INT, longueur VARCHAR(5), budget INT, realisateur INT, salaire_real INT, FOREIGN KEY (realisateur) REFERENCES Personne(nump));
create table acteur( numa INT PRIMARY KEY NOT NULL, agent INT, specialite VARCHAR(50), taille FLOAT, poids INT, FOREIGN KEY (numa) REFERENCES Personne(nump), FOREIGN KEY (agent) REFERENCES Personne(nump));
create table distribution( numf INT, numa INT, role VARCHAR(100), salaire INT, primary key (numf,numa,role),FOREIGN KEY (numa) REFERENCES ACTEUR(numa), FOREIGN KEY (numf) REFERENCES Film(numf) );
create table cinema( numc INT PRIMARY KEY NOT NULL, nom VARCHAR(50), adresse VARCHAR(255), ville VARCHAR(200), telephone VARCHAR(10), compagnie VARCHAR(50));
create table salle( numc INT, nums INT, taille_ecran INT, année INT, nb_place INT, primary key (numc,nums), FOREIGN KEY (numc) REFERENCES Cinema(numc));
create table passe( numf INT, numc INT, nums INT, date_deb date, date_fin date, horaire varchar(5), prix INT, primary key(numf,numc,nums,date_deb, horaire), FOREIGN KEY (numf) REFERENCES Film(numf), FOREIGN KEY (numc) REFERENCES Cinema(numc) , FOREIGN KEY (numc,nums) REFERENCES Salle(numc,nums));
insert into personne( nump, prenom , nom , date_naissance , nationalite) values (1, 'John','Wayne', '1907-05-26','américaine');
insert into personne( nump, prenom , nom , date_naissance , nationalite) values (2, 'Roman','Polansky', '1933-08-18','française');
insert into personne( nump, prenom , nom , date_naissance , nationalite) values (3, 'Steven','Spielberg', '1946-12-18','américaine');
insert into personne( nump, prenom , nom , date_naissance , nationalite) values (4, 'William','Wyler', '1899-01-01','américaine');
insert into personne( nump, prenom , nom , date_naissance , nationalite) values (5, 'Akira','Kurosawa', '1910-01-01','japonaise');
insert into personne( nump, prenom , nom , date_naissance , nationalite) values (6, 'Tobe','Hooper', '1956-12-06','américaine');
insert into personne( nump, prenom , nom , date_naissance , nationalite) values (7, 'Tom','Shadyac', '1952-06-11','américaine');
insert into personne( nump, prenom , nom , date_naissance , nationalite) values (8, 'James','Cameron', '1970-11-22','américaine');
insert into personne( nump, prenom , nom , date_naissance , nationalite) values (9, 'George','Lucas', '1949-10-01','américaine');
insert into personne( nump, prenom , nom , date_naissance , nationalite) values (10, 'Jean Paul','Le chanois', '1952-01-01','américaine');
insert into personne( nump, prenom , nom , date_naissance , nationalite) values (11, 'Tom','Hooper', '1952-01-01','américaine');
insert into personne( nump, prenom , nom , date_naissance , nationalite) values (12, 'Nora','Ephron', '1971-04-14','américaine');
insert into personne( nump, prenom , nom , date_naissance , nationalite) values (13, 'John','Moore', '1967-11-17','américaine');
insert into personne( nump, prenom , nom , date_naissance , nationalite) values (14, 'Charlton','Heston', '1923-10-04','américaine');
insert into personne( nump, prenom , nom , date_naissance , nationalite) values (15, 'Jojo','Lapatate', '1921-06-15','américaine');
insert into personne( nump, prenom , nom , date_naissance , nationalite) values (16, 'Toshiro','Mifune', '1916-10-04','japonaise');
insert into personne( nump, prenom , nom , date_naissance , nationalite) values (17, 'Marylin','Burns', '1949-08-05','américaine');
insert into personne( nump, prenom , nom , date_naissance , nationalite) values (18, 'Jim','Carrey', '1916-08-05','américaine');
insert into personne( nump, prenom , nom , date_naissance , nationalite) values (19, 'Sam','Worthington', '1976-10-04','américaine');
insert into personne( nump, prenom , nom , date_naissance , nationalite) values (20, 'Mark','Hamill', '1954-02-05','américaine');
insert into personne( nump, prenom , nom , date_naissance , nationalite) values (21, 'Bruce','Willis', '1965-07-22','américaine');
insert into personne( nump, prenom , nom , date_naissance , nationalite) values (22, 'Jon','Finch', '1941-03-02','anglaise');
insert into personne( nump, prenom , nom , date_naissance , nationalite) values (23, 'André','Katelbach', '1948-09-05','américaine');
insert into personne( nump, prenom , nom , date_naissance , nationalite) values (24, 'Johnny','Depp', '1963-06-09','américaine');
insert into personne( nump, prenom , nom , date_naissance , nationalite) values (25, 'Jimmy','Urbain', '1943-12-06','française');
insert into personne( nump, prenom , nom , date_naissance , nationalite) values (26, 'Daniel','Huttlestone', '1999-09-17','anglaise');
insert into personne( nump, prenom , nom , date_naissance , nationalite) values (27, 'Meg','Ryan', '1961-11-19','américaine');
insert into personne( nump, prenom , nom , date_naissance , nationalite) values (28, 'Sam','Neill', '1947-11-19','américaine');
insert into personne( nump, prenom , nom , date_naissance , nationalite) values (29, 'Henry','Thomas', '1976-12-09','américaine');
insert into film( numf, titre , genre , année, longueur, budget, realisateur, salaire_real) values(1, 'Ben Hur', 'Historique', '1960', '3h30', 15000000, 4, 500000);
insert into film( numf, titre , genre , année, longueur, budget, realisateur, salaire_real) values(2, 'Les sept samourai', 'Historique', '1960', '3h15', 12000000, 5, 25000);
insert into film( numf, titre , genre , année, longueur, budget, realisateur, salaire_real) values(3, 'Massacre à la tronçonneuse', 'Horreur', '1974', '1h37', 140000, 6, 11000);
insert into film( numf, titre , genre , année, longueur, budget, realisateur, salaire_real) values(4, 'Ace Ventura', 'Comedie', '1994', '1h46', 968000, 7, 200000);
insert into film( numf, titre , genre , année, longueur, budget, realisateur, salaire_real) values(5, 'Avatar', 'Science fiction', '2009', '2h50', 237000000, 8, 25000000);
insert into film( numf, titre , genre , année, longueur, budget, realisateur, salaire_real) values(6, 'Star Wars : Un nouvel espoir', 'Science fiction', '1977', '2h12', 13000000, 9, 600000);
insert into film( numf, titre , genre , année, longueur, budget, realisateur, salaire_real) values(7, 'MacBeth', 'Drame', '1972', '1h54', 1300000, 2, 200000);
insert into film( numf, titre , genre , année, longueur, budget, realisateur, salaire_real) values(8, 'Le gros et le maigre', 'Comedie', '1960', '2h22', 13000000, 2, 600000);
insert into film( numf, titre , genre , année, longueur, budget, realisateur, salaire_real) values(9, 'La neuvième porte', 'Thriller', '1999', '1h48', 1500000, 2, 250000);
insert into film( numf, titre , genre , année, longueur, budget, realisateur, salaire_real) values(10, 'Les Misérables', 'Drame', '2013', '2h30', 1500000, 11, 250000);
insert into film( numf, titre , genre , année, longueur, budget, realisateur, salaire_real) values(11, 'Les Misérables', 'Drame', '1957', '3h46', 210000, 10, 25000);
insert into film( numf, titre , genre , année, longueur, budget, realisateur, salaire_real) values(12, 'Nuits Blanches à Seattle', 'Romance', '1993', '2h15', 1500000, 12, 250000);
insert into film( numf, titre , genre , année, longueur, budget, realisateur, salaire_real) values(13, 'Jurassik park', 'Aventure', '1993', '3h46', 210000, 3, 25000);
insert into film( numf, titre , genre , année, longueur, budget, realisateur, salaire_real) values(14, 'ET', 'Aventure', '1982', '3h46', 2100000, 3, 260000);
insert into film( numf, titre , genre , année, longueur, budget, realisateur, salaire_real) values(15, 'Die Hard', 'Action', '1988', '3h46', 2200000, 13, 270000);
insert into acteur( numa, agent, specialite , taille, poids) values (14, 15, 'Peplum', 1.91, 86);
insert into acteur( numa, agent, specialite , taille, poids) values (16, 15, 'Samourai', 1.74, 67);
insert into acteur( numa, agent, specialite , taille, poids) values (17, 15, 'Survivante', 1.57, 51);
insert into acteur( numa, agent, specialite , taille, poids) values (18, 15, 'grimaces', 1.77, 74);
insert into acteur( numa, agent, specialite , taille, poids) values (19, 15, 'Transfert d esprit', 1.78, 70);
insert into acteur( numa, agent, specialite , taille, poids) values (20, 15, 'Jedi', 1.82, 78);
insert into acteur( numa, agent, specialite , taille, poids) values (21, 15, 'Hi pii hey', 1.85, 83);
insert into acteur( numa, agent, specialite , taille, poids) values (22, 15, 'Shakespearien', 1.85, 79);
insert into acteur( numa, agent, specialite , taille, poids) values (23, 15, 'le gros', 1.85, 107);
insert into acteur( numa, agent, specialite , taille, poids) values (24, 15, 'pirate', 1.85, 75);
insert into acteur( numa, agent, specialite , taille, poids) values (25, 15, 'Gavroche', 1.85, 75);
insert into acteur( numa, agent, specialite , taille, poids) values (26, 15, 'Gavroche', 1.88, 86);
insert into acteur( numa, agent, specialite , taille, poids) values (27, 15, '', 1.73, 65);
insert into acteur( numa, agent, specialite , taille, poids) values (28, 15, 'Chasseur de dinosaure', 1.82, 82);
insert into acteur( numa, agent, specialite , taille, poids) values (29, 15, 'Téléphonemaison', 1.62, 60);
insert into distribution( numf, numa, role , salaire) values (1, 14,'Ben Hur', 100000);
insert into distribution( numf, numa, role , salaire) values (2, 16,'Kikuchiyo', 100000);
insert into distribution( numf, numa, role , salaire) values (3, 17,'Sally Hardesty', 100000);
insert into distribution( numf, numa, role , salaire) values (4, 18,'Ace Ventura', 100000);
insert into distribution( numf, numa, role , salaire) values (5, 19,'Jake Kelly', 100000);
insert into distribution( numf, numa, role , salaire) values (6, 20,'Luke Skywalker', 100000);
insert into distribution( numf, numa, role , salaire) values (7, 21,'Macbeth', 100000);
insert into distribution( numf, numa, role , salaire) values (8, 22,'Le gros', 100000);
insert into distribution( numf, numa, role , salaire) values (9, 23,'Dean Corso', 100000);
insert into distribution( numf, numa, role , salaire) values (10, 24,'Gavroche', 100000);
insert into distribution( numf, numa, role , salaire) values (11, 25,'Gavroche', 100000);
insert into distribution( numf, numa, role , salaire) values (12, 26,'Annie Reed', 100000);
insert into distribution( numf, numa, role , salaire) values (13, 27,'Professeur Alan Grant', 100000);
insert into distribution( numf, numa, role , salaire) values (14, 28,'Eliott', 100000);
insert into distribution( numf, numa, role , salaire) values (15, 29,'John MacLane', 100000);
insert into cinema( numc, nom , adresse , ville , telephone , compagnie) values (1,'La turbine', '3, rue des Tisserands', 'Cran-Gevrier', '0450458692', 'aucune');
insert into cinema( numc, nom , adresse , ville , telephone , compagnie) values (2,'Decavision', '7 avenue de Brogny', 'Annecy', '0450458796', 'Pathée');
insert into cinema( numc, nom , adresse , ville , telephone , compagnie) values (3,'Les Nemours', '22 rue sainte claire', 'Annecy', '0450477777', 'Fox');
insert into salle( numc, nums, taille_ecran, année, nb_place) values (2, 1, 30, 2015, 320);
insert into salle( numc, nums, taille_ecran, année, nb_place) values (2, 2, 45, 2015, 220);
insert into salle( numc, nums, taille_ecran, année, nb_place) values (2, 3, 50, 2015, 360);
insert into salle( numc, nums, taille_ecran, année, nb_place) values (2, 4, 25, 2003, 200);
insert into salle( numc, nums, taille_ecran, année, nb_place) values (2, 5, 30, 2003, 280);
insert into salle( numc, nums, taille_ecran, année, nb_place) values (2, 6, 35, 2003, 350);
insert into salle( numc, nums, taille_ecran, année, nb_place) values (1, 1, 30, 1996, 120);
insert into salle( numc, nums, taille_ecran, année, nb_place) values (1, 2, 40, 1996, 140);
insert into salle( numc, nums, taille_ecran, année, nb_place) values (1, 3, 50, 1998, 160);
insert into salle( numc, nums, taille_ecran, année, nb_place) values (3, 1, 40, 1976, 240);
insert into salle( numc, nums, taille_ecran, année, nb_place) values (3, 2, 30, 1989, 220);
insert into passe( numf, numc, nums, date_deb, date_fin, horaire, prix) values (9, 2, 3, '2018-01-01', '2018-02-28','22h00',10);
insert into passe( numf, numc, nums, date_deb, date_fin, horaire, prix) values (3, 2, 1, '2018-01-01', '2018-02-28','22h00',10);
insert into passe( numf, numc, nums, date_deb, date_fin, horaire, prix) values (6, 2, 2, '2018-01-01', '2018-02-28','22h00',10);
insert into passe( numf, numc, nums, date_deb, date_fin, horaire, prix) values (15, 2, 4, '2018-01-01', '2018-02-28','22h00',10);
insert into passe( numf, numc, nums, date_deb, date_fin, horaire, prix) values (7, 2, 5, '2018-01-01', '2018-02-28','22h00',10);
insert into passe( numf, numc, nums, date_deb, date_fin, horaire, prix) values (10, 2, 6, '2018-01-01', '2018-02-28','22h00',10);
insert into passe( numf, numc, nums, date_deb, date_fin, horaire, prix) values (12, 2, 3, '2018-01-01', '2018-02-28','19h00',10);
insert into passe( numf, numc, nums, date_deb, date_fin, horaire, prix) values (13, 2, 1, '2018-01-01', '2018-02-28','19h00',10);
insert into passe( numf, numc, nums, date_deb, date_fin, horaire, prix) values (14, 2, 2, '2018-01-01', '2018-02-28','19h00',10);
insert into passe( numf, numc, nums, date_deb, date_fin, horaire, prix) values (8, 2, 4, '2018-01-01', '2018-02-28','19h00',10);
insert into passe( numf, numc, nums, date_deb, date_fin, horaire, prix) values (9, 2, 5, '2018-01-01', '2018-02-28','19h00',10);
insert into passe( numf, numc, nums, date_deb, date_fin, horaire, prix) values (4, 2, 6, '2018-01-01', '2018-02-28','19h00',10);
insert into passe( numf, numc, nums, date_deb, date_fin, horaire, prix) values (3, 2, 3, '2018-01-01', '2018-02-28','15h00',10);
insert into passe( numf, numc, nums, date_deb, date_fin, horaire, prix) values (2, 2, 1, '2018-01-01', '2018-02-28','15h00',10);
insert into passe( numf, numc, nums, date_deb, date_fin, horaire, prix) values (5, 2, 2, '2018-01-01', '2018-02-28','15h00',10);
insert into passe( numf, numc, nums, date_deb, date_fin, horaire, prix) values (9, 2, 4, '2018-01-01', '2018-02-28','15h00',10);
insert into passe( numf, numc, nums, date_deb, date_fin, horaire, prix) values (1, 2, 5, '2018-01-01', '2018-02-28','15h00',10);
insert into passe( numf, numc, nums, date_deb, date_fin, horaire, prix) values (11, 2, 6, '2018-01-01', '2018-02-28','15h00',10);
insert into passe( numf, numc, nums, date_deb, date_fin, horaire, prix) values (5, 2, 1, '2018-01-01', '2018-02-28','10h00',10);
insert into passe( numf, numc, nums, date_deb, date_fin, horaire, prix) values (12, 2, 2, '2018-01-01', '2018-02-28','10h00',10);
insert into passe( numf, numc, nums, date_deb, date_fin, horaire, prix) values (1, 2, 3, '2018-01-01', '2018-02-28','10h00',10);
insert into passe( numf, numc, nums, date_deb, date_fin, horaire, prix) values (2, 2, 4, '2018-01-01', '2018-02-28','10h00',10);
insert into passe( numf, numc, nums, date_deb, date_fin, horaire, prix) values (14, 2, 5, '2018-01-01', '2018-02-28','10h00',10);
insert into passe( numf, numc, nums, date_deb, date_fin, horaire, prix) values (15, 2, 6, '2018-01-01', '2018-02-28','10h00',10);
insert into passe( numf, numc, nums, date_deb, date_fin, horaire, prix) values (9, 1, 3, '2018-01-01', '2018-02-28','22h00',8);
insert into passe( numf, numc, nums, date_deb, date_fin, horaire, prix) values (3, 1, 1, '2018-01-01', '2018-02-28','22h00',10);
insert into passe( numf, numc, nums, date_deb, date_fin, horaire, prix) values (6, 1, 2, '2018-01-01', '2018-02-28','22h00',8);
insert into passe( numf, numc, nums, date_deb, date_fin, horaire, prix) values (12, 1, 3, '2018-01-01', '2018-02-28','19h00',8);
insert into passe( numf, numc, nums, date_deb, date_fin, horaire, prix) values (13, 1, 1, '2018-01-01', '2018-02-28','19h00',8);
insert into passe( numf, numc, nums, date_deb, date_fin, horaire, prix) values (14, 1, 2, '2018-01-01', '2018-02-28','19h00',8);
insert into passe( numf, numc, nums, date_deb, date_fin, horaire, prix) values (3, 1, 3, '2018-01-01', '2018-02-28','15h00',8);
insert into passe( numf, numc, nums, date_deb, date_fin, horaire, prix) values (2, 1, 1, '2018-01-01', '2018-02-28','15h00',8);
insert into passe( numf, numc, nums, date_deb, date_fin, horaire, prix) values (5, 1, 2, '2018-01-01', '2018-02-28','15h00',8);
insert into passe( numf, numc, nums, date_deb, date_fin, horaire, prix) values (5, 1, 3, '2018-01-01', '2018-02-28','10h00',8);
insert into passe( numf, numc, nums, date_deb, date_fin, horaire, prix) values (12, 1, 1, '2018-01-01', '2018-02-28','10h00',8);
insert into passe( numf, numc, nums, date_deb, date_fin, horaire, prix) values (1, 1, 2, '2018-01-01', '2018-02-28','10h00',8);
insert into passe( numf, numc, nums, date_deb, date_fin, horaire, prix) values (3, 3, 1, '2018-01-01', '2018-02-28','22h00',10);
insert into passe( numf, numc, nums, date_deb, date_fin, horaire, prix) values (6, 3, 2, '2018-01-01', '2018-02-28','22h00',8);
insert into passe( numf, numc, nums, date_deb, date_fin, horaire, prix) values (13, 3, 1, '2018-01-01', '2018-02-28','19h00',8);
insert into passe( numf, numc, nums, date_deb, date_fin, horaire, prix) values (14, 3, 2, '2018-01-01', '2018-02-28','19h00',8);
insert into passe( numf, numc, nums, date_deb, date_fin, horaire, prix) values (2, 3, 1, '2018-01-01', '2018-02-28','15h00',8);
insert into passe( numf, numc, nums, date_deb, date_fin, horaire, prix) values (5, 3, 2, '2018-01-01', '2018-02-28','15h00',8);
insert into passe( numf, numc, nums, date_deb, date_fin, horaire, prix) values (12, 3, 1, '2018-01-01', '2018-02-28','10h00',8);
insert into passe( numf, numc, nums, date_deb, date_fin, horaire, prix) values (1, 3, 2, '2018-01-01', '2018-02-28','10h00',8);